,metrics,score
0,rmse,0.5157680927530168
1,r2,0.8031387592271715
